env,resolution,distance,alpha,true_obstacles,ari_b_obs,ari_k_obs,ari_b_full,ari_k_full,noise_b,noise_k,cc_err_b,cc_err_k,dist_bin
env_000_res2.0deg_180samp_o12_r9.0x4.5,2.0,3.7034399999999996,0.5077480293747643,12,0.33151352467478834,1.0,0.09993624860530384,0.574694517031312,66.66666666666667,7.222222222222222,9,3,mid (3-6 m)
env_001_res2.0deg_180samp_o15_r8.2x6.4,2.0,2.045715,0.6061709494927264,15,0.1372429947080767,0.4857142857142857,0.4025741542414871,0.35516238893591484,42.22222222222222,30.0,14,13,near (<3 m)
env_002_res1.5deg_240samp_o14_r6.6x8.9,1.5,3.921565,0.5743521016190329,14,0.38849155439565325,0.9576278778106244,0.3015642065038073,0.5673824262991477,45.0,6.666666666666667,10,5,mid (3-6 m)
env_003_res1.5deg_240samp_o8_r9.7x6.8,1.5,7.60647,0.36306763200133396,8,0.4608048749848295,0.9682536913805283,0.07017507695781793,0.462390520877662,73.75,1.25,6,2,far (>6 m)
env_004_res4.0deg_90samp_o6_r6.4x5.4,4.0,1.4384400000000002,0.5311718017089039,6,0.0,0.28328611898017,0.2763471981858328,0.627952257180659,53.333333333333336,35.55555555555556,6,5,near (<3 m)
env_005_res2.0deg_180samp_o5_r7.6x9.6,2.0,4.924285,0.42951871008958836,5,0.4970570062762187,1.0,0.09014731877399028,0.5580014971687002,84.44444444444444,3.888888888888889,4,1,mid (3-6 m)
env_006_res1.5deg_240samp_o10_r6.8x4.5,1.5,4.320715,0.5503751082523969,10,0.8125094765479806,0.9716507153341858,0.3825678539834799,0.915666529277492,54.583333333333336,0.8333333333333334,5,3,mid (3-6 m)
env_007_res2.0deg_180samp_o7_r8.9x4.1,2.0,5.411205,0.4028480543805676,7,0.37988834541925787,0.8966684763567996,0.14022165011325316,0.5887161112736095,66.66666666666667,0.5555555555555556,4,2,mid (3-6 m)
env_008_res0.5deg_720samp_o11_r7.6x7.8,0.5,5.82581,0.6992683180524661,11,0.9494904993690563,0.9527257029267854,0.8133916263805211,0.872065768429364,11.666666666666666,0.1388888888888889,2,2,mid (3-6 m)
env_009_res3.0deg_120samp_o8_r4.1x6.9,3.0,4.217125,0.39886793594118697,8,0.5308982736038242,0.9954404700948479,0.12866056314364155,0.5529562156957674,85.0,10.833333333333334,6,4,mid (3-6 m)
env_010_res3.0deg_120samp_o12_r5.3x5.5,3.0,5.382895,0.3524547517692388,12,0.26037247831257265,0.8942324847912794,0.07758985200845665,0.574939033137283,83.33333333333333,5.833333333333333,10,6,mid (3-6 m)
env_011_res3.0deg_120samp_o14_r6.0x5.0,3.0,2.812725,0.4822967271280664,14,0.16076729846997032,0.6948884426714106,0.08070327128312231,0.5420651416564372,74.16666666666667,24.166666666666668,9,8,near (<3 m)
env_012_res4.0deg_90samp_o10_r7.5x6.0,4.0,1.9677200000000001,0.4961430993638074,10,-0.009864364981504316,0.4333683105981112,0.025087538483168147,0.31611644503773684,67.77777777777777,51.111111111111114,8,8,near (<3 m)
env_013_res0.5deg_720samp_o15_r4.5x5.3,0.5,2.695625,0.699909063684222,15,1.0,1.0,0.9257426952466679,0.9439719465629518,0.9722222222222222,0.0,8,8,near (<3 m)
env_014_res1.5deg_240samp_o5_r6.1x7.6,1.5,0.8922899999999999,0.6770799563100723,5,0.0,0.0,0.3388399616817271,0.3822631825427477,29.583333333333332,25.833333333333332,4,4,near (<3 m)
env_015_res4.0deg_90samp_o10_r4.8x7.9,4.0,4.078685,0.37625434537064595,10,0.0,0.10465116279069768,0.053580299556473254,0.40578116408766,68.88888888888889,47.77777777777778,10,9,mid (3-6 m)
env_016_res1.5deg_240samp_o10_r4.3x4.7,1.5,1.49514,0.6666865278912749,10,0.6014911855196252,0.624936678607186,0.6746912894442483,0.7813412993268221,20.0,9.583333333333334,3,3,near (<3 m)
env_017_res3.0deg_120samp_o4_r7.4x4.9,3.0,2.4583850000000003,0.5058712518301137,4,1.0,1.0,0.1298066791421829,0.3910969638449152,64.16666666666667,33.333333333333336,3,3,near (<3 m)
env_018_res0.5deg_720samp_o4_r4.7x8.7,0.5,4.820705,0.6996252835632037,4,0.968840937265165,1.0,0.5464221428875653,0.5964057283905548,9.305555555555555,0.8333333333333334,2,1,mid (3-6 m)
env_019_res1.5deg_240samp_o12_r5.7x6.5,1.5,1.226645,0.671760867351443,12,0.528407937598835,0.8715883009605423,0.4942987604828355,0.5900721725970696,7.083333333333333,5.416666666666667,7,7,near (<3 m)
env_020_res0.5deg_720samp_o6_r7.8x5.5,0.5,5.442729999999999,0.6994329930212798,6,0.9260969601112132,1.0,0.5508987011196911,0.5740392804011425,4.444444444444445,0.0,1,1,mid (3-6 m)
env_021_res4.0deg_90samp_o14_r4.4x4.3,4.0,1.310105,0.5394593230022829,14,0.587589922149591,0.8844221105527639,0.3963505856271365,0.8071891857922955,40.0,18.88888888888889,12,12,near (<3 m)
env_022_res4.0deg_90samp_o12_r8.3x4.4,4.0,2.830255,0.4404956332378056,12,-0.012082172966644789,0.7216325491070007,0.02344817694394957,0.34055866432819726,95.55555555555556,45.55555555555556,11,8,near (<3 m)
env_023_res4.0deg_90samp_o10_r7.9x6.5,4.0,4.378355,0.36467834499291973,10,0.6622773965811288,0.8702472823531965,0.15909295419778638,0.40305473551197707,75.55555555555556,52.22222222222222,9,7,mid (3-6 m)
env_024_res3.0deg_120samp_o15_r5.9x6.8,3.0,4.13846,0.40282286635000564,15,0.12631125756534553,0.7520677883772078,0.05641276268938072,0.6135925331000887,88.33333333333333,30.833333333333332,14,10,mid (3-6 m)
env_025_res2.0deg_180samp_o14_r5.3x7.9,2.0,4.945129999999999,0.4283046189585462,14,0.15876911397272384,0.868743660834979,0.08147781334150099,0.7501258411539812,77.77777777777777,1.1111111111111112,9,4,mid (3-6 m)
env_026_res3.0deg_120samp_o13_r5.1x8.2,3.0,3.539485,0.43611583916691776,13,-0.04200600085726532,0.9114502421639404,0.031233741180046883,0.5360150572730632,94.16666666666667,32.5,12,9,mid (3-6 m)
env_027_res2.0deg_180samp_o8_r8.1x8.8,2.0,5.873405000000001,0.3811045499438895,8,0.0,1.0,0.09526671726057881,0.8289000987593109,68.88888888888889,3.3333333333333335,8,3,mid (3-6 m)
env_028_res4.0deg_90samp_o5_r5.7x5.2,4.0,1.68743,0.5148015087894446,5,0.0,0.0,0.18225037094004032,0.27737488224651224,56.666666666666664,44.44444444444444,5,5,near (<3 m)
env_029_res2.0deg_180samp_o8_r6.4x5.0,2.0,3.2244300000000004,0.5391731156960874,8,0.023440970063071866,0.9823114225067734,0.20798866519451797,0.5885324718498436,55.0,13.88888888888889,6,4,mid (3-6 m)
env_030_res0.5deg_720samp_o14_r4.6x6.3,0.5,1.7778699999999998,0.6999506752089705,14,0.6087560243137531,0.6087560243137531,0.7883056629639694,0.592249352100582,1.6666666666666667,0.0,9,9,near (<3 m)
env_031_res3.0deg_120samp_o10_r9.8x6.7,3.0,6.969615,0.3199181116594595,10,-0.0021980633279866926,1.0,0.010553854628471176,0.636432685150754,97.5,12.5,9,2,far (>6 m)
env_032_res2.0deg_180samp_o15_r8.4x4.4,2.0,1.41565,0.6329588569196506,15,0.1271164006199586,0.44553185874829787,0.19708134846153563,0.4652157790522893,42.77777777777778,23.88888888888889,11,8,near (<3 m)
env_033_res1.5deg_240samp_o13_r6.2x5.1,1.5,4.372649999999999,0.5471185552966181,13,0.8338837906080383,0.9011992972808898,0.38257973437086856,0.7050355493360135,49.583333333333336,2.0833333333333335,6,7,mid (3-6 m)
env_034_res1.5deg_240samp_o8_r4.9x7.3,1.5,4.596965,0.5327681887755246,8,0.19367016077387172,0.9589006870705808,0.2586603320162209,0.8578628561974944,58.75,2.9166666666666665,7,2,mid (3-6 m)
env_035_res1.5deg_240samp_o5_r6.9x6.6,1.5,5.67659,0.4615747576495405,5,0.8993665277185151,1.0,0.24155354309247418,0.7762477192922496,75.0,0.8333333333333334,2,1,mid (3-6 m)
env_036_res4.0deg_90samp_o13_r5.1x4.6,4.0,1.787355,0.508162418091856,13,0.13222260193416388,0.5595663422446717,0.054103418506082544,0.4112031095630449,66.66666666666667,41.111111111111114,10,9,near (<3 m)
env_037_res3.0deg_120samp_o13_r7.6x8.2,3.0,1.244765,0.5817158695565567,13,-0.1082291041676282,0.4255830086984364,0.19584205967561757,0.33311136772684746,40.833333333333336,29.166666666666668,12,12,near (<3 m)
env_038_res1.5deg_240samp_o12_r7.3x6.6,1.5,4.27378,0.5532938607130329,12,-0.0004440024153731396,0.8821998024043212,0.23921819602128797,0.5402076740342454,54.166666666666664,7.916666666666667,11,4,mid (3-6 m)
env_039_res1.5deg_240samp_o3_r8.8x8.3,1.5,4.5357650000000005,0.5367248922801362,3,1.0,1.0,0.6105340936149792,0.8297726811834343,50.833333333333336,0.0,2,2,mid (3-6 m)
env_040_res4.0deg_90samp_o13_r7.4x6.7,4.0,5.0154,0.344804472390544,13,0.26519337016574585,0.5263157894736842,0.06369259722029401,0.20506779971910957,93.33333333333333,61.111111111111114,12,12,mid (3-6 m)
env_041_res1.5deg_240samp_o12_r5.1x5.3,1.5,0.7282799999999999,0.6793312209215397,12,0.96668067372225,1.0,0.8509651288007216,0.9183935831373038,9.166666666666666,4.166666666666667,7,7,near (<3 m)
env_042_res0.5deg_720samp_o14_r9.8x4.3,0.5,1.29164,0.699964330084773,14,0.9996913009471665,0.9996913009471665,0.9581753817238491,0.8498802276027675,1.6666666666666667,0.1388888888888889,8,8,near (<3 m)
env_043_res0.5deg_720samp_o13_r8.8x9.3,0.5,0.64085,0.6999768850634485,13,0.9961342012589267,0.9995891544329366,0.8852090174691042,0.9898770434541369,20.555555555555557,0.1388888888888889,7,6,near (<3 m)
env_044_res3.0deg_120samp_o13_r7.1x8.0,3.0,4.477785,0.38650797779647966,13,0.0,0.8652925543426508,-0.07039744456047668,0.7766461945113893,80.83333333333333,23.333333333333332,13,6,mid (3-6 m)
env_045_res1.5deg_240samp_o9_r8.2x7.5,1.5,0.8919400000000001,0.6770849973579521,9,0.8891263028435842,0.9325863913891861,0.38327502329586643,0.4298505197715223,23.829787234042552,18.72340425531915,7,6,near (<3 m)
env_046_res2.0deg_180samp_o8_r5.3x9.1,2.0,3.974415,0.4896960400585457,8,0.0,0.5241275672065453,0.23882786727970876,0.764741389088872,61.666666666666664,20.555555555555557,8,5,mid (3-6 m)
env_047_res1.5deg_240samp_o8_r9.8x7.4,1.5,2.83945,0.6271692155087938,8,0.0,0.42703232125367285,0.33988100507611796,0.4077019992644491,47.916666666666664,30.416666666666668,8,5,near (<3 m)
env_048_res4.0deg_90samp_o9_r9.8x9.4,4.0,6.835520000000001,0.31445282323469126,9,0.0,0.4117647058823529,0.0,0.12103172538532196,100.0,70.0,9,8,far (>6 m)
env_049_res2.0deg_180samp_o5_r8.1x9.3,2.0,7.3054250000000005,0.33566823935921053,5,0.08940122322619617,1.0,0.017757727636651476,0.6005587460578689,97.77777777777777,0.5555555555555556,4,1,far (>6 m)
env_050_res1.5deg_240samp_o14_r4.6x7.6,1.5,2.7709,0.6298521164300332,14,0.9107493883270905,0.9922495425610104,0.6052463290245731,0.7268477048539951,28.75,2.5,9,8,near (<3 m)
env_051_res2.0deg_180samp_o8_r4.9x6.9,2.0,2.11188,0.6029659951514854,8,0.5043418980993036,0.8524017467248908,0.3814597296934368,0.7594169044616984,49.44444444444444,17.77777777777778,7,5,near (<3 m)
env_052_res0.5deg_720samp_o8_r4.6x5.2,0.5,3.820315,0.6998075764445636,8,0.8193732420331472,0.6837784016926028,0.6432189775655294,0.6232717598850871,0.9722222222222222,0.2777777777777778,2,3,mid (3-6 m)
env_053_res4.0deg_90samp_o10_r8.4x5.5,4.0,4.4018500000000005,0.36383357081870427,10,0.0,0.25977859778597784,-0.06158955807389186,0.3256543701209245,85.55555555555556,53.333333333333336,10,9,mid (3-6 m)
env_054_res3.0deg_120samp_o13_r4.1x8.6,3.0,2.411105,0.5090188186410689,13,0.6177060991681564,0.8108957893291605,0.2841604204359438,0.7231965368095509,58.333333333333336,28.333333333333332,9,7,near (<3 m)
env_055_res3.0deg_120samp_o12_r9.1x9.3,3.0,4.05519,0.40712047010945107,12,0.06038093915619431,0.8112121828591357,0.04790727488848621,0.35274361290621453,93.33333333333333,28.333333333333332,10,10,mid (3-6 m)
env_056_res4.0deg_90samp_o11_r9.9x8.9,4.0,4.76338,0.3519372228185044,11,0.0,0.46153846153846156,-0.0011927356503243743,0.3937651303696644,77.52808988764045,56.17977528089887,11,10,mid (3-6 m)
env_057_res0.5deg_720samp_o12_r7.9x9.3,0.5,7.71208,0.6974387099885763,12,0.9680427694608582,1.0,0.7478780674188423,0.7692853404785018,8.055555555555555,0.1388888888888889,1,1,far (>6 m)
env_058_res0.5deg_720samp_o9_r9.9x5.5,0.5,5.454685,0.6994284624021357,9,0.9871900721928838,0.996101318483,0.4785314678864605,0.5115376331238426,15.833333333333334,0.6944444444444444,2,2,mid (3-6 m)
env_059_res1.5deg_240samp_o11_r6.4x6.1,1.5,4.13633,0.5616980589958491,11,0.5302561476526154,0.9515820114108985,0.29291758877905166,0.6009483971075806,48.75,5.0,9,4,mid (3-6 m)
env_060_res4.0deg_90samp_o6_r7.2x4.1,4.0,4.292389999999999,0.3678462533662978,6,0.0,0.5882352941176471,0.0,0.28059250557019666,100.0,53.333333333333336,6,5,mid (3-6 m)
env_061_res1.5deg_240samp_o7_r5.0x8.4,1.5,6.086385,0.4360906426179152,7,0.21415003634828694,1.0,0.15846159353070619,0.7720815330785815,62.916666666666664,0.8333333333333334,5,0,far (>6 m)
env_062_res0.5deg_720samp_o8_r5.9x5.7,0.5,5.74182,0.699308092551445,8,0.9922143827170842,1.0,0.6825592065179628,0.6835964421983186,0.4166666666666667,0.0,2,2,mid (3-6 m)
env_063_res0.5deg_720samp_o14_r7.8x9.7,0.5,1.29521,0.6999642450968676,14,0.9977933520066402,0.9993333632980053,0.9239815216154807,0.9450032031240028,6.388888888888889,0.1388888888888889,10,10,near (<3 m)
env_064_res4.0deg_90samp_o6_r8.6x8.8,4.0,6.00431,0.32449888605021715,6,0.0,0.29906542056074764,0.0,0.2427720628045479,100.0,65.55555555555556,6,5,far (>6 m)
env_065_res0.5deg_720samp_o10_r7.8x6.7,0.5,3.70592,0.6998216993891843,10,0.9624190937365665,0.9934318812095431,0.8183116105473863,0.9448975339342987,14.86111111111111,0.6944444444444444,1,1,mid (3-6 m)
env_066_res2.0deg_180samp_o11_r5.5x8.5,2.0,2.52587,0.5812785741784018,11,0.43399810066476735,0.9807560939035972,0.3114295327317334,0.7924454523967949,52.22222222222222,17.77777777777778,7,5,near (<3 m)
env_067_res3.0deg_120samp_o10_r5.2x6.3,3.0,0.6237,0.6131059945563233,10,1.0,1.0,1.0,1.0,0.0,0.0,9,9,near (<3 m)
env_068_res2.0deg_180samp_o8_r5.7x4.3,2.0,1.647005,0.6239054962095676,8,0.9573550389198596,0.9573274011164655,0.4689512433559916,0.8174220969478577,45.55555555555556,18.333333333333332,6,5,near (<3 m)
env_069_res2.0deg_180samp_o12_r4.5x7.2,2.0,2.35571,0.5905259810067864,12,0.5144674525529782,0.9026003859229992,0.4470039760329167,0.49899605517091034,36.111111111111114,11.11111111111111,9,6,near (<3 m)
env_070_res0.5deg_720samp_o3_r7.3x5.4,0.5,5.52131,0.6994025431624102,3,0.9749090472085601,1.0,0.30935327785840866,0.31006318271207095,0.1388888888888889,0.0,1,1,mid (3-6 m)
env_071_res4.0deg_90samp_o9_r5.9x9.6,4.0,4.0057849999999995,0.3792989947900391,9,0.0,0.6946564885496184,-0.04574740518148952,0.300541562184065,93.33333333333333,58.888888888888886,9,8,mid (3-6 m)
env_072_res2.0deg_180samp_o8_r9.5x7.9,2.0,4.30882,0.46767909947874486,8,0.7793957835253206,1.0,0.11145865590347283,0.44654555163208215,77.77777777777777,16.11111111111111,7,3,mid (3-6 m)
env_073_res3.0deg_120samp_o13_r9.3x5.2,3.0,0.87388,0.6012289498827711,13,0.0,0.425531914893617,0.1918784214396601,0.30084352012278104,41.666666666666664,29.166666666666668,13,12,near (<3 m)
env_074_res1.5deg_240samp_o8_r7.8x9.1,1.5,7.01288,0.3870236382257466,8,0.34177390341773906,1.0,0.10932640260814132,0.5763545943158604,83.75,0.0,4,1,far (>6 m)
env_075_res4.0deg_90samp_o12_r6.7x4.7,4.0,2.9303000000000003,0.43447829407162036,12,0.15205233723752243,0.7810393723988067,0.06063093702357218,0.39490954801767003,87.77777777777777,42.22222222222222,11,8,near (<3 m)
env_076_res2.0deg_180samp_o7_r6.3x6.9,2.0,5.21837,0.41297244810660755,7,0.25981986826186315,1.0,0.21307278819558395,0.7170364685010289,62.22222222222222,2.7777777777777777,6,1,mid (3-6 m)
env_077_res4.0deg_90samp_o9_r5.3x8.3,4.0,1.90389,0.5003979539483241,9,0.0,0.35208866155157714,0.16214762305536515,0.3997568453198119,64.44444444444444,52.22222222222222,9,8,near (<3 m)
env_078_res4.0deg_90samp_o8_r4.6x9.9,4.0,2.2101599999999997,0.48004655487327474,8,0.0,0.8062015503875969,0.0001466918915598528,0.42228449177290756,88.88888888888889,34.44444444444444,8,6,near (<3 m)
env_079_res1.5deg_240samp_o6_r5.3x7.1,1.5,3.9183499999999998,0.5745367391954985,6,0.7744376222560313,0.966750466304436,0.3467150498708534,0.7842133028945443,51.25,7.5,3,3,mid (3-6 m)
env_080_res1.5deg_240samp_o14_r8.0x10.0,1.5,4.455665,0.5418584499674751,14,0.43731080212014295,0.9974120110549457,0.1285939086488263,0.8274514868182468,60.0,7.916666666666667,10,8,mid (3-6 m)
env_081_res2.0deg_180samp_o12_r5.2x6.9,2.0,1.862575,0.6146541599631478,12,-0.08566916699565733,0.5448838669177652,0.21540737632786075,0.37331867615481473,43.333333333333336,30.555555555555557,11,10,near (<3 m)
env_082_res4.0deg_90samp_o8_r9.6x4.1,4.0,3.4052749999999996,0.40781709326348653,8,0.0,0.0,0.14349708504801098,0.41335192245679925,66.66666666666667,53.333333333333336,8,8,mid (3-6 m)
env_083_res2.0deg_180samp_o8_r8.5x8.9,2.0,3.0869400000000002,0.5479030022673483,8,0.0,0.5941727367325702,0.29725489194875687,0.6521440086976951,53.888888888888886,31.11111111111111,8,5,mid (3-6 m)
env_084_res0.5deg_720samp_o7_r9.8x8.9,0.5,7.733104999999999,0.697402791201837,7,0.7958113053768942,0.9426386348683218,0.5894630218036052,0.7640420544977566,22.916666666666668,0.2777777777777778,1,1,far (>6 m)
env_085_res1.5deg_240samp_o3_r9.1x8.1,1.5,6.33301,0.42173721303248535,3,0.41830624465355004,0.8924050632911392,0.024754544599402226,0.35445292456595523,86.66666666666667,0.4166666666666667,2,0,far (>6 m)
env_086_res4.0deg_90samp_o12_r9.5x9.6,4.0,4.486435,0.36086617860546905,12,0.0,-0.027491408934707903,-0.04872473339814748,0.2730322095546354,84.0909090909091,60.22727272727273,12,11,mid (3-6 m)
env_087_res4.0deg_90samp_o15_r8.6x7.4,4.0,6.820635,0.3145916994747385,15,0.0,0.48657187993680884,0.0,0.19518061285469077,100.0,66.66666666666667,15,11,far (>6 m)
env_088_res1.5deg_240samp_o9_r5.0x9.0,1.5,3.8017950000000003,0.581129057262842,9,0.10931453149124742,1.0,0.23459255967975617,0.8502933063166929,55.833333333333336,7.5,7,1,mid (3-6 m)
env_089_res2.0deg_180samp_o13_r6.1x5.1,2.0,3.642155,0.5118237718053991,13,0.26117980341448194,0.9864430977782739,0.2175197091973442,0.9237139617195286,69.44444444444444,5.0,11,4,mid (3-6 m)
env_090_res4.0deg_90samp_o12_r4.5x8.9,4.0,2.6148500000000006,0.4538470855061527,12,0.0,0.3342140026420079,-0.026221316569831263,0.36612158482793106,82.22222222222223,43.333333333333336,12,11,near (<3 m)
env_091_res4.0deg_90samp_o7_r6.0x7.8,4.0,2.37955,0.46894065118916217,7,0.4507762139070069,0.7568828387886204,0.11300458854575098,0.25651316955917985,65.55555555555556,51.111111111111114,6,5,near (<3 m)
env_092_res1.5deg_240samp_o10_r4.7x9.7,1.5,1.11676,0.6736240824741606,10,0.9270764809054904,0.9957039187227866,0.6925586706607021,0.9239239892552692,32.083333333333336,12.916666666666666,7,4,near (<3 m)
env_093_res4.0deg_90samp_o4_r5.6x6.8,4.0,6.49333,0.3179897185167736,4,0.0,0.40106951871657753,0.0,0.06351188945509507,100.0,83.33333333333333,4,3,far (>6 m)
env_094_res3.0deg_120samp_o4_r7.6x4.1,3.0,2.3520649999999996,0.5129428259280935,4,0.5793864309452219,0.8570792075405026,0.29517767810593426,0.6457165443143531,61.666666666666664,41.666666666666664,3,1,near (<3 m)
env_095_res2.0deg_180samp_o11_r9.6x4.1,2.0,2.782875,0.5664961152110073,11,0.5104922227644559,0.916618481624789,0.246600201504755,0.6753114252345104,56.111111111111114,10.555555555555555,8,6,near (<3 m)
env_096_res4.0deg_90samp_o4_r8.4x7.4,4.0,8.084705,0.30641559505821214,4,0.0,0.8899637243047158,0.0,0.15610500432222207,100.0,76.66666666666667,4,3,far (>6 m)
env_097_res3.0deg_120samp_o7_r5.2x9.0,3.0,2.1686,0.5250595489592086,7,0.6511627906976745,0.8988381977897422,0.17073825876337836,0.40775412973300706,55.833333333333336,25.833333333333332,6,5,near (<3 m)
env_098_res2.0deg_180samp_o13_r4.2x5.5,2.0,1.3659000000000001,0.6347893696785869,13,0.28678929853358565,0.44585020684599136,0.297949256617267,0.5153427671690404,30.0,8.333333333333334,6,4,near (<3 m)
env_099_res4.0deg_90samp_o13_r8.8x5.9,4.0,4.68714,0.3542777907848373,13,0.060341536218805315,0.712797794630311,0.030550981199396185,0.21943703703703704,93.33333333333333,55.55555555555556,12,8,mid (3-6 m)
